<?xml version="1.0" encoding="utf-8"?>
<!--/15202847/763122/2.49/6/2/Capacitor Polarised/-->
<quadcept_library>
  <setting unit="mil" />
  <textstyle name="Default" height="47.244094488189" strokewidth="7.8740157480315" charwidth="47.244094488189" />
  <textstyle name="Dimension" height="19.6850393700787" strokewidth="0" charwidth="19.6850393700787" />
  <textstyle name="H127W0635TH00762" height="50" strokewidth="3" charwidth="25" />
  <textstyle name="H15W15TH02" height="59.0551181102362" strokewidth="7.8740157480315" charwidth="59.0551181102362" />
  <padstyle name="r320_200" surface="True" plated="False" isvia="False" nopaste="False" nomask="True" complex="False" holesize="0">
    <padshape layer="TOP" shape="rectangle" width="78.740157480314" height="125.9842519685" />
    <padshape layer="TOP_SOLDER_MASK" shape="rectangle" width="86.614173228345" height="133.85826771653" />
    <padshape layer="TOP_SOLDER_PASTE" shape="rectangle" width="78.740157480314" height="125.9842519685" />
  </padstyle>
  <padstyle name="r120_95" surface="True" plated="False" isvia="False" nopaste="False" nomask="True" complex="False" holesize="0">
    <padshape layer="TOP" shape="rectangle" width="37.401574803149" height="47.244094488188" />
    <padshape layer="TOP_SOLDER_MASK" shape="rectangle" width="45.275590551181" height="55.11811023622" />
    <padshape layer="TOP_SOLDER_PASTE" shape="rectangle" width="37.401574803149" height="47.244094488188" />
  </padstyle>
  <padstyle name="r120_65" surface="True" plated="False" isvia="False" nopaste="False" nomask="True" complex="False" holesize="0">
    <padshape layer="TOP" shape="rectangle" width="25.590551181102" height="47.244094488188" />
    <padshape layer="TOP_SOLDER_MASK" shape="rectangle" width="33.464566929133" height="55.11811023622" />
    <padshape layer="TOP_SOLDER_PASTE" shape="rectangle" width="25.590551181102" height="47.244094488188" />
  </padstyle>
  <footprint name="EEHZA1J100V" originx="0" originy="0" pickpointx="0" pickpointy="0">
    <pcbpin number="1" name="1" style="r320_200" originx="0" originy="-100.3937007874" rotation="90" />
    <pcbpin number="2" name="2" style="r320_200" originx="0" originy="100.3937007874" rotation="90" />
    <pcbpin number="3" name="3" style="r120_95" originx="0" originy="-42.322834645669" rotation="90" />
    <pcbpin number="4" name="4" style="r120_65" originx="0" originy="-152.55905511811" rotation="90" />
    <pcbpin number="5" name="5" style="r120_95" originx="0" originy="42.322834645669" rotation="90" />
    <pcbpin number="6" name="6" style="r120_65" originx="0" originy="152.55905511811" rotation="90" />
    <line layer="TOP_PLACE_BOUND" originx="-169.29133858268" originy="204.72440944882" endx="169.29133858268" endy="204.72440944882" width="3.9370078740157" />
    <line layer="TOP_PLACE_BOUND" originx="169.29133858268" originy="204.72440944882" endx="169.29133858268" endy="-204.72440944882" width="3.9370078740157" />
    <line layer="TOP_PLACE_BOUND" originx="169.29133858268" originy="-204.72440944882" endx="-169.29133858268" endy="-204.72440944882" width="3.9370078740157" />
    <line layer="TOP_PLACE_BOUND" originx="-169.29133858268" originy="-204.72440944882" endx="-169.29133858268" endy="204.72440944882" width="3.9370078740157" />
    <line layer="TOP_ASSEMBLY" originx="-88.582677165353" originy="-129.92125984252" endx="-129.92125984252" endy="-88.582677165353" width="3.9370078740157" />
    <line layer="TOP_ASSEMBLY" originx="-129.92125984252" originy="-88.582677165353" endx="-129.92125984252" endy="129.92125984252" width="3.9370078740157" />
    <line layer="TOP_ASSEMBLY" originx="-129.92125984252" originy="129.92125984252" endx="129.92125984252" endy="129.92125984252" width="3.9370078740157" />
    <line layer="TOP_ASSEMBLY" originx="129.92125984252" originy="129.92125984252" endx="129.92125984252" endy="-88.582677165353" width="3.9370078740157" />
    <line layer="TOP_ASSEMBLY" originx="129.92125984252" originy="-88.582677165353" endx="88.582677165353" endy="-129.92125984252" width="3.9370078740157" />
    <line layer="TOP_ASSEMBLY" originx="88.582677165353" originy="-129.92125984252" endx="-88.582677165353" endy="-129.92125984252" width="3.9370078740157" />
    <line layer="TOP_ASSEMBLY" originx="-88.582677165353" originy="-129.92125984252" endx="-129.92125984252" endy="-88.582677165353" width="3.9370078740157" />
    <line layer="TOP_SILKSCREEN" originx="-88.582677165353" originy="-129.92125984252" endx="-129.92125984252" endy="-88.582677165353" width="7.8740157480314" />
    <line layer="TOP_SILKSCREEN" originx="-129.92125984252" originy="-88.582677165353" endx="-129.92125984252" endy="129.92125984252" width="7.8740157480314" />
    <line layer="TOP_SILKSCREEN" originx="-129.92125984252" originy="129.92125984252" endx="-88.582677165353" endy="129.92125984252" width="7.8740157480314" />
    <line layer="TOP_SILKSCREEN" originx="88.582677165353" originy="-129.92125984252" endx="129.92125984252" endy="-88.582677165353" width="7.8740157480314" />
    <line layer="TOP_SILKSCREEN" originx="129.92125984252" originy="-88.582677165353" endx="129.92125984252" endy="129.92125984252" width="7.8740157480314" />
    <line layer="TOP_SILKSCREEN" originx="129.92125984252" originy="129.92125984252" endx="88.582677165353" endy="129.92125984252" width="7.8740157480314" />
    <line layer="TOP_SILKSCREEN" originx="0" originy="-181.10236220472" endx="0" endy="-181.10236220472" width="3.9370078740157" />
    <arc layer="TOP_SILKSCREEN" originx="1.0381022375924E-14" originy="-183.07086614173" startangle="90.0" sweepangle="180.0" radius="1.9685039370079" width="3.9370078740157" />
    <line layer="TOP_SILKSCREEN" originx="0" originy="-185.03937007874" endx="0" endy="-185.03937007874" width="3.9370078740157" />
    <arc layer="TOP_SILKSCREEN" originx="1.0381022375924E-14" originy="-183.07086614173" startangle="-90.0" sweepangle="180.0" radius="1.9685039370079" width="3.9370078740157" />
  </footprint>
  <symbol name="EEHZK1E680V" originx="0" originy="0">
    <line originx="200" originy="100" endx="700" endy="100" width="0" />
    <line originx="700" originy="-600" endx="700" endy="100" width="0" />
    <line originx="700" originy="-600" endx="200" endy="-600" width="0" />
    <line originx="200" originy="100" endx="200" endy="-600" width="0" />
    <sympin number="1" originx="200" originy="-400" rotation="180" length="100" width="7.8740157480315" flipped="False">
      <text name="pinname" originx="230" originy="-400" style="Default" rotation="0" justify="left" flipped="False" hidden="False" data="+_1" />
      <text name="pindes" originx="140" originy="-380" style="Default" rotation="0" justify="lowerright" flipped="False" hidden="False" data="1" />
    </sympin>
    <sympin number="2" originx="200" originy="-100" rotation="180" length="100" width="7.8740157480315" flipped="False">
      <text name="pinname" originx="230" originy="-100" style="Default" rotation="0" justify="left" flipped="False" hidden="False" data="-_1" />
      <text name="pindes" originx="140" originy="-80" style="Default" rotation="0" justify="lowerright" flipped="False" hidden="False" data="2" />
    </sympin>
    <sympin number="3" originx="200" originy="-300" rotation="180" length="100" width="7.8740157480315" flipped="False">
      <text name="pinname" originx="230" originy="-300" style="Default" rotation="0" justify="left" flipped="False" hidden="False" data="+_2" />
      <text name="pindes" originx="140" originy="-280" style="Default" rotation="0" justify="lowerright" flipped="False" hidden="False" data="3" />
    </sympin>
    <sympin number="4" originx="200" originy="-500" rotation="180" length="100" width="7.8740157480315" flipped="False">
      <text name="pinname" originx="230" originy="-500" style="Default" rotation="0" justify="left" flipped="False" hidden="False" data="+_3" />
      <text name="pindes" originx="140" originy="-480" style="Default" rotation="0" justify="lowerright" flipped="False" hidden="False" data="4" />
    </sympin>
    <sympin number="5" originx="200" originy="-200" rotation="180" length="100" width="7.8740157480315" flipped="False">
      <text name="pinname" originx="230" originy="-200" style="Default" rotation="0" justify="left" flipped="False" hidden="False" data="-_2" />
      <text name="pindes" originx="140" originy="-180" style="Default" rotation="0" justify="lowerright" flipped="False" hidden="False" data="5" />
    </sympin>
    <sympin number="6" originx="200" originy="0" rotation="180" length="100" width="7.8740157480315" flipped="False">
      <text name="pinname" originx="230" originy="0" style="Default" rotation="0" justify="left" flipped="False" hidden="False" data="-_3" />
      <text name="pindes" originx="140" originy="20" style="Default" rotation="0" justify="lowerright" flipped="False" hidden="False" data="6" />
    </sympin>
  </symbol>
  <component name="EEHZK1E680V" designatorprefix="C" height="251.968503937" footprint="EEHZA1J100V">
    <comppin designator="1" sympin="1" pinswap="0" gateswap="0" gate="1" group="1" side="" type="Any" name="+_1" />
    <comppin designator="2" sympin="2" pinswap="0" gateswap="0" gate="1" group="1" side="" type="Any" name="-_1" />
    <comppin designator="3" sympin="3" pinswap="0" gateswap="0" gate="1" group="1" side="" type="Any" name="+_2" />
    <comppin designator="4" sympin="4" pinswap="0" gateswap="0" gate="1" group="1" side="" type="Any" name="+_3" />
    <comppin designator="5" sympin="5" pinswap="0" gateswap="0" gate="1" group="1" side="" type="Any" name="-_2" />
    <comppin designator="6" sympin="6" pinswap="0" gateswap="0" gate="1" group="1" side="" type="Any" name="-_3" />
    <attached_symbol gate="1" name="EEHZK1E680V" />
    <pinmap designator="1" footprintpin="1" />
    <pinmap designator="2" footprintpin="2" />
    <pinmap designator="3" footprintpin="3" />
    <pinmap designator="4" footprintpin="4" />
    <pinmap designator="5" footprintpin="5" />
    <pinmap designator="6" footprintpin="6" />
    <text name="Datasheet" originx="0" originy="0" style="Default" rotation="0" justify="" flipped="False" hidden="True" data="http://industrial.panasonic.com/cdbs/www-data/pdf/RDD0000/ABA0000C1229.pdf" />
    <text name="Description" originx="0" originy="0" style="Default" rotation="0" justify="" flipped="False" hidden="True" data="Vibration Proof Electrolytic Capacitor" />
    <text name="Manufacturer_Name" originx="0" originy="0" style="Default" rotation="0" justify="" flipped="False" hidden="True" data="Panasonic" />
    <text name="Manufacturer_Part_Number" originx="750" originy="200" style="Default" rotation="0" justify="left" flipped="False" hidden="False" data="EEHZK1E680V" />
    <text name="Mouser Part Number" originx="0" originy="0" style="Default" rotation="0" justify="" flipped="False" hidden="True" data="" />
    <text name="Mouser Price/Stock" originx="0" originy="0" style="Default" rotation="0" justify="" flipped="False" hidden="True" data="" />
    <text name="Arrow Part Number" originx="0" originy="0" style="Default" rotation="0" justify="" flipped="False" hidden="True" data="" />
    <text name="Arrow Price/Stock" originx="0" originy="0" style="Default" rotation="0" justify="" flipped="False" hidden="True" data="" />
  </component>
</quadcept_library>
