<?xml version="1.0" encoding="utf-8"?>
<!--/1050712/763122/2.49/10/4/Connector/-->
<quadcept_library>
  <setting unit="mil" />
  <textstyle name="Default" height="47.244094488189" strokewidth="7.8740157480315" charwidth="47.244094488189" />
  <textstyle name="Dimension" height="19.6850393700787" strokewidth="0" charwidth="19.6850393700787" />
  <textstyle name="H127W0635TH00762" height="50" strokewidth="3" charwidth="25" />
  <textstyle name="H15W15TH02" height="59.0551181102362" strokewidth="7.8740157480315" charwidth="59.0551181102362" />
  <padstyle name="r317_102" surface="True" plated="False" isvia="False" nopaste="False" nomask="True" complex="False" holesize="0">
    <padshape layer="TOP" shape="rectangle" width="40.15748031496" height="124.8031496063" />
    <padshape layer="TOP_SOLDER_MASK" shape="rectangle" width="48.031496062992" height="132.67716535433" />
    <padshape layer="TOP_SOLDER_PASTE" shape="rectangle" width="40.15748031496" height="124.8031496063" />
  </padstyle>
  <footprint name="M208891045" originx="0" originy="0" pickpointx="0" pickpointy="0">
    <pcbpin number="1" name="1" style="r317_102" originx="-449.99999999999" originy="-214.29133858267" rotation="0" />
    <pcbpin number="2" name="2" style="r317_102" originx="-350" originy="-214.29133858267" rotation="0" />
    <pcbpin number="3" name="3" style="r317_102" originx="-250" originy="-214.29133858267" rotation="0" />
    <pcbpin number="4" name="4" style="r317_102" originx="-150" originy="-214.29133858267" rotation="0" />
    <pcbpin number="5" name="5" style="r317_102" originx="-49.999999999999" originy="-214.29133858267" rotation="0" />
    <pcbpin number="6" name="6" style="r317_102" originx="49.999999999999" originy="-214.29133858267" rotation="0" />
    <pcbpin number="7" name="7" style="r317_102" originx="150" originy="-214.29133858267" rotation="0" />
    <pcbpin number="8" name="8" style="r317_102" originx="250" originy="-214.29133858267" rotation="0" />
    <pcbpin number="9" name="9" style="r317_102" originx="350" originy="-214.29133858267" rotation="0" />
    <pcbpin number="10" name="10" style="r317_102" originx="449.99999999999" originy="-214.29133858267" rotation="0" />
    <line layer="TOP_ASSEMBLY" originx="-499.99999999999" originy="-21.968503937008" endx="499.99999999999" endy="-21.968503937008" width="7.8740157480314" />
    <line layer="TOP_ASSEMBLY" originx="499.99999999999" originy="-21.968503937008" endx="499.99999999999" endy="-120.3937007874" width="7.8740157480314" />
    <line layer="TOP_ASSEMBLY" originx="499.99999999999" originy="-120.3937007874" endx="-499.99999999999" endy="-120.3937007874" width="7.8740157480314" />
    <line layer="TOP_ASSEMBLY" originx="-499.99999999999" originy="-120.3937007874" endx="-499.99999999999" endy="-21.968503937008" width="7.8740157480314" />
    <line layer="TOP_SILKSCREEN" originx="-499.99999999999" originy="-21.968503937008" endx="499.99999999999" endy="-21.968503937008" width="3.9370078740157" />
    <line layer="TOP_SILKSCREEN" originx="499.99999999999" originy="-21.968503937008" endx="499.99999999999" endy="-120.3937007874" width="3.9370078740157" />
    <line layer="TOP_SILKSCREEN" originx="499.99999999999" originy="-120.3937007874" endx="-499.99999999999" endy="-120.3937007874" width="3.9370078740157" />
    <line layer="TOP_SILKSCREEN" originx="-499.99999999999" originy="-120.3937007874" endx="-499.99999999999" endy="-21.968503937008" width="3.9370078740157" />
    <line layer="TOP_PLACE_BOUND" originx="-539.37007874015" originy="253.66141732283" endx="539.37007874015" endy="253.66141732283" width="3.9370078740157" />
    <line layer="TOP_PLACE_BOUND" originx="539.37007874015" originy="253.66141732283" endx="539.37007874015" endy="-316.06299212598" width="3.9370078740157" />
    <line layer="TOP_PLACE_BOUND" originx="539.37007874015" originy="-316.06299212598" endx="-539.37007874015" endy="-316.06299212598" width="3.9370078740157" />
    <line layer="TOP_PLACE_BOUND" originx="-539.37007874015" originy="-316.06299212598" endx="-539.37007874015" endy="253.66141732283" width="3.9370078740157" />
    <line layer="TOP_ASSEMBLY" originx="-449.99999999999" originy="-21.968503937008" endx="-449.99999999999" endy="214.29133858267" width="7.8740157480314" />
    <line layer="TOP_ASSEMBLY" originx="-350" originy="-21.968503937008" endx="-350" endy="214.29133858267" width="7.8740157480314" />
    <line layer="TOP_ASSEMBLY" originx="-250" originy="-21.968503937008" endx="-250" endy="214.29133858267" width="7.8740157480314" />
    <line layer="TOP_ASSEMBLY" originx="-150" originy="-21.968503937008" endx="-150" endy="214.29133858267" width="7.8740157480314" />
    <line layer="TOP_ASSEMBLY" originx="-49.999999999999" originy="-21.968503937008" endx="-49.999999999999" endy="214.29133858267" width="7.8740157480314" />
    <line layer="TOP_ASSEMBLY" originx="49.999999999999" originy="-21.968503937008" endx="49.999999999999" endy="214.29133858267" width="7.8740157480314" />
    <line layer="TOP_ASSEMBLY" originx="150" originy="-21.968503937008" endx="150" endy="214.29133858267" width="7.8740157480314" />
    <line layer="TOP_ASSEMBLY" originx="250" originy="-21.968503937008" endx="250" endy="214.29133858267" width="7.8740157480314" />
    <line layer="TOP_ASSEMBLY" originx="350" originy="-21.968503937008" endx="350" endy="214.29133858267" width="7.8740157480314" />
    <line layer="TOP_ASSEMBLY" originx="449.99999999999" originy="-21.968503937008" endx="449.99999999999" endy="214.29133858267" width="7.8740157480314" />
  </footprint>
  <symbol name="M20-8891045" originx="0" originy="0">
    <line originx="200" originy="100" endx="600" endy="100" width="0" />
    <line originx="600" originy="-1000" endx="600" endy="100" width="0" />
    <line originx="600" originy="-1000" endx="200" endy="-1000" width="0" />
    <line originx="200" originy="100" endx="200" endy="-1000" width="0" />
    <sympin number="1" originx="200" originy="0" rotation="180" length="100" width="7.8740157480315" flipped="False">
      <text name="pinname" originx="230" originy="0" style="Default" rotation="0" justify="left" flipped="False" hidden="False" data="1" />
      <text name="pindes" originx="140" originy="20" style="Default" rotation="0" justify="lowerright" flipped="False" hidden="False" data="1" />
    </sympin>
    <sympin number="2" originx="200" originy="-100" rotation="180" length="100" width="7.8740157480315" flipped="False">
      <text name="pinname" originx="230" originy="-100" style="Default" rotation="0" justify="left" flipped="False" hidden="False" data="2" />
      <text name="pindes" originx="140" originy="-80" style="Default" rotation="0" justify="lowerright" flipped="False" hidden="False" data="2" />
    </sympin>
    <sympin number="3" originx="200" originy="-200" rotation="180" length="100" width="7.8740157480315" flipped="False">
      <text name="pinname" originx="230" originy="-200" style="Default" rotation="0" justify="left" flipped="False" hidden="False" data="3" />
      <text name="pindes" originx="140" originy="-180" style="Default" rotation="0" justify="lowerright" flipped="False" hidden="False" data="3" />
    </sympin>
    <sympin number="4" originx="200" originy="-300" rotation="180" length="100" width="7.8740157480315" flipped="False">
      <text name="pinname" originx="230" originy="-300" style="Default" rotation="0" justify="left" flipped="False" hidden="False" data="4" />
      <text name="pindes" originx="140" originy="-280" style="Default" rotation="0" justify="lowerright" flipped="False" hidden="False" data="4" />
    </sympin>
    <sympin number="5" originx="200" originy="-400" rotation="180" length="100" width="7.8740157480315" flipped="False">
      <text name="pinname" originx="230" originy="-400" style="Default" rotation="0" justify="left" flipped="False" hidden="False" data="5" />
      <text name="pindes" originx="140" originy="-380" style="Default" rotation="0" justify="lowerright" flipped="False" hidden="False" data="5" />
    </sympin>
    <sympin number="6" originx="200" originy="-500" rotation="180" length="100" width="7.8740157480315" flipped="False">
      <text name="pinname" originx="230" originy="-500" style="Default" rotation="0" justify="left" flipped="False" hidden="False" data="6" />
      <text name="pindes" originx="140" originy="-480" style="Default" rotation="0" justify="lowerright" flipped="False" hidden="False" data="6" />
    </sympin>
    <sympin number="7" originx="200" originy="-600" rotation="180" length="100" width="7.8740157480315" flipped="False">
      <text name="pinname" originx="230" originy="-600" style="Default" rotation="0" justify="left" flipped="False" hidden="False" data="7" />
      <text name="pindes" originx="140" originy="-580" style="Default" rotation="0" justify="lowerright" flipped="False" hidden="False" data="7" />
    </sympin>
    <sympin number="8" originx="200" originy="-700" rotation="180" length="100" width="7.8740157480315" flipped="False">
      <text name="pinname" originx="230" originy="-700" style="Default" rotation="0" justify="left" flipped="False" hidden="False" data="8" />
      <text name="pindes" originx="140" originy="-680" style="Default" rotation="0" justify="lowerright" flipped="False" hidden="False" data="8" />
    </sympin>
    <sympin number="9" originx="200" originy="-800" rotation="180" length="100" width="7.8740157480315" flipped="False">
      <text name="pinname" originx="230" originy="-800" style="Default" rotation="0" justify="left" flipped="False" hidden="False" data="9" />
      <text name="pindes" originx="140" originy="-780" style="Default" rotation="0" justify="lowerright" flipped="False" hidden="False" data="9" />
    </sympin>
    <sympin number="10" originx="200" originy="-900" rotation="180" length="100" width="7.8740157480315" flipped="False">
      <text name="pinname" originx="230" originy="-900" style="Default" rotation="0" justify="left" flipped="False" hidden="False" data="10" />
      <text name="pindes" originx="140" originy="-880" style="Default" rotation="0" justify="lowerright" flipped="False" hidden="False" data="10" />
    </sympin>
  </symbol>
  <component name="M20-8891045" designatorprefix="J" height="104.33070866142" footprint="M208891045">
    <comppin designator="1" sympin="1" pinswap="0" gateswap="0" gate="1" group="1" side="" type="Any" name="1" />
    <comppin designator="2" sympin="2" pinswap="0" gateswap="0" gate="1" group="1" side="" type="Any" name="2" />
    <comppin designator="3" sympin="3" pinswap="0" gateswap="0" gate="1" group="1" side="" type="Any" name="3" />
    <comppin designator="4" sympin="4" pinswap="0" gateswap="0" gate="1" group="1" side="" type="Any" name="4" />
    <comppin designator="5" sympin="5" pinswap="0" gateswap="0" gate="1" group="1" side="" type="Any" name="5" />
    <comppin designator="6" sympin="6" pinswap="0" gateswap="0" gate="1" group="1" side="" type="Any" name="6" />
    <comppin designator="7" sympin="7" pinswap="0" gateswap="0" gate="1" group="1" side="" type="Any" name="7" />
    <comppin designator="8" sympin="8" pinswap="0" gateswap="0" gate="1" group="1" side="" type="Any" name="8" />
    <comppin designator="9" sympin="9" pinswap="0" gateswap="0" gate="1" group="1" side="" type="Any" name="9" />
    <comppin designator="10" sympin="10" pinswap="0" gateswap="0" gate="1" group="1" side="" type="Any" name="10" />
    <attached_symbol gate="1" name="M20-8891045" />
    <pinmap designator="1" footprintpin="1" />
    <pinmap designator="2" footprintpin="2" />
    <pinmap designator="3" footprintpin="3" />
    <pinmap designator="4" footprintpin="4" />
    <pinmap designator="5" footprintpin="5" />
    <pinmap designator="6" footprintpin="6" />
    <pinmap designator="7" footprintpin="7" />
    <pinmap designator="8" footprintpin="8" />
    <pinmap designator="9" footprintpin="9" />
    <pinmap designator="10" footprintpin="10" />
    <text name="Datasheet" originx="0" originy="0" style="Default" rotation="0" justify="" flipped="False" hidden="True" data="https://cdn.harwin.com/pdfs/M20-889.pdf" />
    <text name="Description" originx="0" originy="0" style="Default" rotation="0" justify="" flipped="False" hidden="True" data="Headers &amp; Wire Housings 10 WAY SIL HORIZ SMT P/HDR" />
    <text name="Mouser Part Number" originx="0" originy="0" style="Default" rotation="0" justify="" flipped="False" hidden="True" data="855-M20-8891045" />
    <text name="Mouser Price/Stock" originx="0" originy="0" style="Default" rotation="0" justify="" flipped="False" hidden="True" data="https://www.mouser.co.uk/ProductDetail/Harwin/M20-8891045?qs=k41KVqW3ymoWRIXfp5Ho2g%3D%3D" />
    <text name="Manufacturer_Name" originx="0" originy="0" style="Default" rotation="0" justify="" flipped="False" hidden="True" data="Harwin" />
    <text name="Manufacturer_Part_Number" originx="650" originy="200" style="Default" rotation="0" justify="left" flipped="False" hidden="False" data="M20-8891045" />
  </component>
</quadcept_library>
