<?xml version="1.0" encoding="utf-8"?>
<!--/1620905/763122/2.49/2/2/Resistor/-->
<quadcept_library>
  <setting unit="mil" />
  <textstyle name="Default" height="47.244094488189" strokewidth="7.8740157480315" charwidth="47.244094488189" />
  <textstyle name="Dimension" height="19.6850393700787" strokewidth="0" charwidth="19.6850393700787" />
  <textstyle name="H127W0635TH00762" height="50" strokewidth="3" charwidth="25" />
  <textstyle name="H15W15TH02" height="59.0551181102362" strokewidth="7.8740157480315" charwidth="59.0551181102362" />
  <padstyle name="r90_65" surface="True" plated="False" isvia="False" nopaste="False" nomask="True" complex="False" holesize="0">
    <padshape layer="TOP" shape="rectangle" width="25.590551181102" height="35.433070866141" />
    <padshape layer="TOP_SOLDER_MASK" shape="rectangle" width="33.464566929133" height="43.307086614173" />
    <padshape layer="TOP_SOLDER_PASTE" shape="rectangle" width="25.590551181102" height="35.433070866141" />
  </padstyle>
  <footprint name="ERJS03J155V" originx="0" originy="0" pickpointx="0" pickpointy="0">
    <pcbpin number="1" name="1" style="r90_65" originx="-28.543307086614" originy="0" rotation="0" />
    <pcbpin number="2" name="2" style="r90_65" originx="28.543307086614" originy="0" rotation="0" />
    <line layer="TOP_ASSEMBLY" originx="-31.496062992126" originy="15.748031496063" endx="31.496062992126" endy="15.748031496063" width="7.8740157480314" />
    <line layer="TOP_ASSEMBLY" originx="31.496062992126" originy="15.748031496063" endx="31.496062992126" endy="-15.748031496063" width="7.8740157480314" />
    <line layer="TOP_ASSEMBLY" originx="31.496062992126" originy="-15.748031496063" endx="-31.496062992126" endy="-15.748031496063" width="7.8740157480314" />
    <line layer="TOP_ASSEMBLY" originx="-31.496062992126" originy="-15.748031496063" endx="-31.496062992126" endy="15.748031496063" width="7.8740157480314" />
    <line layer="TOP_PLACE_BOUND" originx="-87.598425196849" originy="55.11811023622" endx="72.83464566929" endy="55.11811023622" width="1.9685039370079" />
    <line layer="TOP_PLACE_BOUND" originx="72.83464566929" originy="55.11811023622" endx="72.83464566929" endy="-55.11811023622" width="1.9685039370079" />
    <line layer="TOP_PLACE_BOUND" originx="72.83464566929" originy="-55.11811023622" endx="-87.598425196849" endy="-55.11811023622" width="1.9685039370079" />
    <line layer="TOP_PLACE_BOUND" originx="-87.598425196849" originy="-55.11811023622" endx="-87.598425196849" endy="55.11811023622" width="1.9685039370079" />
    <line layer="TOP_SILKSCREEN" originx="-53.149606299212" originy="0" endx="-53.149606299212" endy="0" width="1.9685039370079" />
    <arc layer="TOP_SILKSCREEN" originx="-52.165354330708" originy="0" startangle="-180.0" sweepangle="180.0" radius="0.98425196850393" width="1.9685039370079" />
    <line layer="TOP_SILKSCREEN" originx="-51.181102362204" originy="0" endx="-51.181102362204" endy="0" width="1.9685039370079" />
    <arc layer="TOP_SILKSCREEN" originx="-52.165354330708" originy="0" startangle=".0" sweepangle="180.0" radius="0.98425196850393" width="1.9685039370079" />
  </footprint>
  <symbol name="ERJ-U030R00V" originx="0" originy="0">
    <line originx="200" originy="50" endx="500" endy="50" width="0" />
    <line originx="500" originy="-50" endx="500" endy="50" width="0" />
    <line originx="500" originy="-50" endx="200" endy="-50" width="0" />
    <line originx="200" originy="50" endx="200" endy="-50" width="0" />
    <sympin number="1" originx="200" originy="0" rotation="180" length="100" width="7.8740157480315" flipped="False">
      <text name="pinname" originx="0" originy="-10" style="Default" rotation="0" justify="upperleft" flipped="False" hidden="True" data="1" />
      <text name="pindes" originx="0" originy="10" style="Default" rotation="0" justify="lowerleft" flipped="False" hidden="False" data="1" />
    </sympin>
    <sympin number="2" originx="500" originy="0" rotation="0" length="100" width="7.8740157480315" flipped="False">
      <text name="pinname" originx="700" originy="-10" style="Default" rotation="0" justify="upperright" flipped="False" hidden="True" data="2" />
      <text name="pindes" originx="700" originy="10" style="Default" rotation="0" justify="lowerright" flipped="False" hidden="False" data="2" />
    </sympin>
  </symbol>
  <component name="ERJ-U030R00V" designatorprefix="R" height="21.653543307086" footprint="ERJS03J155V">
    <comppin designator="1" sympin="1" pinswap="0" gateswap="0" gate="1" group="1" side="" type="Any" name="1" />
    <comppin designator="2" sympin="2" pinswap="0" gateswap="0" gate="1" group="1" side="" type="Any" name="2" />
    <attached_symbol gate="1" name="ERJ-U030R00V" />
    <pinmap designator="1" footprintpin="1" />
    <pinmap designator="2" footprintpin="2" />
    <text name="Datasheet" originx="0" originy="0" style="Default" rotation="0" justify="" flipped="False" hidden="True" data="http://industrial.panasonic.com/cdbs/www-data/pdf/RDP0000/AOA0000C334.pdf" />
    <text name="Description" originx="0" originy="0" style="Default" rotation="0" justify="" flipped="False" hidden="True" data="Anti-Sulfurated Thick Film Chip Resistor, 0603, 0.1W" />
    <text name="Manufacturer_Name" originx="0" originy="0" style="Default" rotation="0" justify="" flipped="False" hidden="True" data="Panasonic" />
    <text name="Manufacturer_Part_Number" originx="550" originy="150" style="Default" rotation="0" justify="left" flipped="False" hidden="False" data="ERJ-U030R00V" />
    <text name="Mouser Part Number" originx="0" originy="0" style="Default" rotation="0" justify="" flipped="False" hidden="True" data="667-ERJ-U030R00V" />
    <text name="Mouser Price/Stock" originx="0" originy="0" style="Default" rotation="0" justify="" flipped="False" hidden="True" data="https://www.mouser.co.uk/ProductDetail/Panasonic/ERJ-U030R00V?qs=bKFmlxG1yYDTbCdgpNfHCg%3D%3D" />
    <text name="Arrow Part Number" originx="0" originy="0" style="Default" rotation="0" justify="" flipped="False" hidden="True" data="ERJ-U030R00V" />
    <text name="Arrow Price/Stock" originx="0" originy="0" style="Default" rotation="0" justify="" flipped="False" hidden="True" data="https://www.arrow.com/en/products/erj-u030r00v/panasonic" />
  </component>
</quadcept_library>
