<?xml version="1.0" encoding="utf-8"?>
<!--/895883/763122/2.50/2/4/Connector/-->
<quadcept_library>
  <setting unit="mil" />
  <textstyle name="Default" height="47.244094488189" strokewidth="7.8740157480315" charwidth="47.244094488189" />
  <textstyle name="Dimension" height="19.6850393700787" strokewidth="0" charwidth="19.6850393700787" />
  <textstyle name="H127W0635TH00762" height="50" strokewidth="3" charwidth="25" />
  <textstyle name="H15W15TH02" height="59.0551181102362" strokewidth="7.8740157480315" charwidth="59.0551181102362" />
  <padstyle name="c255_h170" surface="False" plated="True" isvia="False" nopaste="True" nomask="True" complex="False" holesize="66.929133858267">
    <padshape layer="TOP" shape="round" width="100.3937007874" height="100.3937007874" />
    <padshape layer="TOP_SOLDER_MASK" shape="round" width="108.26771653543" height="108.26771653543" />
    <padshape layer="INNER" shape="round" width="100.3937007874" height="100.3937007874" />
    <padshape layer="BOTTOM" shape="round" width="100.3937007874" height="100.3937007874" />
    <padshape layer="BOTTOM_SOLDER_MASK" shape="round" width="108.26771653543" height="108.26771653543" />
  </padstyle>
  <footprint name="3534" originx="0" originy="0" pickpointx="0" pickpointy="0">
    <pcbpin number="1" name="1" style="c255_h170" originx="0" originy="0" rotation="90" />
    <pcbpin number="2" name="2" style="c255_h170" originx="144.09448818897" originy="0" rotation="90" />
    <line layer="TOP_ASSEMBLY" originx="-5.9055118110235" originy="61.811023622046" endx="150" endy="61.811023622046" width="7.8740157480314" />
    <line layer="TOP_ASSEMBLY" originx="150" originy="61.811023622046" endx="150" endy="-24.015748031496" width="7.8740157480314" />
    <line layer="TOP_ASSEMBLY" originx="150" originy="-24.015748031496" endx="-5.9055118110235" endy="-24.015748031496" width="7.8740157480314" />
    <line layer="TOP_ASSEMBLY" originx="-5.9055118110235" originy="-24.015748031496" endx="-5.9055118110235" endy="61.811023622046" width="7.8740157480314" />
    <line layer="TOP_PLACE_BOUND" originx="-89.566929133857" originy="101.1811023622" endx="233.66141732283" endy="101.1811023622" width="3.9370078740157" />
    <line layer="TOP_PLACE_BOUND" originx="233.66141732283" originy="101.1811023622" endx="233.66141732283" endy="-89.566929133857" width="3.9370078740157" />
    <line layer="TOP_PLACE_BOUND" originx="233.66141732283" originy="-89.566929133857" endx="-89.566929133857" endy="-89.566929133857" width="3.9370078740157" />
    <line layer="TOP_PLACE_BOUND" originx="-89.566929133857" originy="-89.566929133857" endx="-89.566929133857" endy="101.1811023622" width="3.9370078740157" />
    <line layer="TOP_SILKSCREEN" originx="-6.6929133858267" originy="61.811023622046" endx="144.09448818897" endy="61.811023622046" width="3.9370078740157" />
  </footprint>
  <symbol name="3534" originx="0" originy="0">
    <line originx="200" originy="100" endx="600" endy="100" width="0" />
    <line originx="600" originy="-200" endx="600" endy="100" width="0" />
    <line originx="600" originy="-200" endx="200" endy="-200" width="0" />
    <line originx="200" originy="100" endx="200" endy="-200" width="0" />
    <sympin number="1" originx="200" originy="0" rotation="180" length="100" width="7.8740157480315" flipped="False">
      <text name="pinname" originx="230" originy="0" style="Default" rotation="0" justify="left" flipped="False" hidden="False" data="1" />
      <text name="pindes" originx="140" originy="20" style="Default" rotation="0" justify="lowerright" flipped="False" hidden="False" data="1" />
    </sympin>
    <sympin number="2" originx="200" originy="-100" rotation="180" length="100" width="7.8740157480315" flipped="False">
      <text name="pinname" originx="230" originy="-100" style="Default" rotation="0" justify="left" flipped="False" hidden="False" data="2" />
      <text name="pindes" originx="140" originy="-80" style="Default" rotation="0" justify="lowerright" flipped="False" hidden="False" data="2" />
    </sympin>
  </symbol>
  <component name="3534" designatorprefix="J" height="201.96850393701" footprint="3534">
    <comppin designator="1" sympin="1" pinswap="0" gateswap="0" gate="1" group="1" side="" type="Any" name="1" />
    <comppin designator="2" sympin="2" pinswap="0" gateswap="0" gate="1" group="1" side="" type="Any" name="2" />
    <attached_symbol gate="1" name="3534" />
    <pinmap designator="1" footprintpin="1" />
    <pinmap designator="2" footprintpin="2" />
    <text name="Datasheet" originx="0" originy="0" style="Default" rotation="0" justify="" flipped="False" hidden="True" data="matthew.orford@ultra-pmes.com" />
    <text name="Description" originx="0" originy="0" style="Default" rotation="0" justify="" flipped="False" hidden="True" data="Quick-Fit Terminal, PC; Brass; Nickel; UL Listed; 0.187 x 0.020 in.; Vertical" />
    <text name="Mouser Part Number" originx="0" originy="0" style="Default" rotation="0" justify="" flipped="False" hidden="True" data="534-3534" />
    <text name="Mouser Price/Stock" originx="0" originy="0" style="Default" rotation="0" justify="" flipped="False" hidden="True" data="https://www.mouser.co.uk/ProductDetail/Keystone-Electronics/3534?qs=qOqV1E1P08TvD2OZQB66cQ%3D%3D" />
    <text name="Manufacturer_Name" originx="0" originy="0" style="Default" rotation="0" justify="" flipped="False" hidden="True" data="Keystone Electronics" />
    <text name="Manufacturer_Part_Number" originx="650" originy="200" style="Default" rotation="0" justify="left" flipped="False" hidden="False" data="3534" />
  </component>
</quadcept_library>
