<?xml version="1.0" encoding="utf-8"?>
<!--/1011416/763122/2.49/2/2/Capacitor/-->
<quadcept_library>
  <setting unit="mil" />
  <textstyle name="Default" height="47.244094488189" strokewidth="7.8740157480315" charwidth="47.244094488189" />
  <textstyle name="Dimension" height="19.6850393700787" strokewidth="0" charwidth="19.6850393700787" />
  <textstyle name="H127W0635TH00762" height="50" strokewidth="3" charwidth="25" />
  <textstyle name="H15W15TH02" height="59.0551181102362" strokewidth="7.8740157480315" charwidth="59.0551181102362" />
  <padstyle name="r94_54" surface="True" plated="False" isvia="False" nopaste="False" nomask="True" complex="False" holesize="0">
    <padshape layer="TOP" shape="rectangle" width="21.259842519685" height="37.007874015748" />
    <padshape layer="TOP_SOLDER_MASK" shape="rectangle" width="29.133858267716" height="44.881889763779" />
    <padshape layer="TOP_SOLDER_PASTE" shape="rectangle" width="21.259842519685" height="37.007874015748" />
  </padstyle>
  <footprint name="CAPC1608X90N" originx="0" originy="0" pickpointx="0" pickpointy="0">
    <pcbpin number="1" name="1" style="r94_54" originx="-31.496062992126" originy="0" rotation="0" />
    <pcbpin number="2" name="2" style="r94_54" originx="31.496062992126" originy="0" rotation="0" />
    <line layer="TOP_PLACE_BOUND" originx="-48.031496062992" originy="24.409448818897" endx="48.031496062992" endy="24.409448818897" width="1.9685039370079" />
    <line layer="TOP_PLACE_BOUND" originx="48.031496062992" originy="24.409448818897" endx="48.031496062992" endy="-24.409448818897" width="1.9685039370079" />
    <line layer="TOP_PLACE_BOUND" originx="48.031496062992" originy="-24.409448818897" endx="-48.031496062992" endy="-24.409448818897" width="1.9685039370079" />
    <line layer="TOP_PLACE_BOUND" originx="-48.031496062992" originy="-24.409448818897" endx="-48.031496062992" endy="24.409448818897" width="1.9685039370079" />
    <line layer="TOP_ASSEMBLY" originx="-31.496062992126" originy="15.748031496063" endx="31.496062992126" endy="15.748031496063" width="3.9370078740157" />
    <line layer="TOP_ASSEMBLY" originx="31.496062992126" originy="15.748031496063" endx="31.496062992126" endy="-15.748031496063" width="3.9370078740157" />
    <line layer="TOP_ASSEMBLY" originx="31.496062992126" originy="-15.748031496063" endx="-31.496062992126" endy="-15.748031496063" width="3.9370078740157" />
    <line layer="TOP_ASSEMBLY" originx="-31.496062992126" originy="-15.748031496063" endx="-31.496062992126" endy="15.748031496063" width="3.9370078740157" />
    <line layer="TOP_SILKSCREEN" originx="0" originy="11.811023622047" endx="0" endy="-11.811023622047" width="7.8740157480314" />
  </footprint>
  <symbol name="CGA3E2X7R1H104K080AE" originx="0" originy="0">
    <line originx="220" originy="100" endx="220" endy="-100" width="0" />
    <line originx="280" originy="100" endx="280" endy="-100" width="0" />
    <line originx="200" originy="0" endx="220" endy="0" width="0" />
    <line originx="280" originy="0" endx="300" endy="0" width="0" />
    <sympin number="1" originx="200" originy="0" rotation="180" length="100" width="7.8740157480315" flipped="False">
      <text name="pinname" originx="0" originy="-10" style="Default" rotation="0" justify="upperleft" flipped="False" hidden="True" data="1" />
      <text name="pindes" originx="0" originy="10" style="Default" rotation="0" justify="lowerleft" flipped="False" hidden="False" data="1" />
    </sympin>
    <sympin number="2" originx="300" originy="0" rotation="0" length="100" width="7.8740157480315" flipped="False">
      <text name="pinname" originx="500" originy="-10" style="Default" rotation="0" justify="upperright" flipped="False" hidden="True" data="2" />
      <text name="pindes" originx="500" originy="10" style="Default" rotation="0" justify="lowerright" flipped="False" hidden="False" data="2" />
    </sympin>
  </symbol>
  <component name="CGA3E2X7R1H104K080AE" designatorprefix="C" height="35.433070866141" footprint="CAPC1608X90N">
    <comppin designator="1" sympin="1" pinswap="0" gateswap="0" gate="1" group="1" side="" type="Any" name="1" />
    <comppin designator="2" sympin="2" pinswap="0" gateswap="0" gate="1" group="1" side="" type="Any" name="2" />
    <attached_symbol gate="1" name="CGA3E2X7R1H104K080AE" />
    <pinmap designator="1" footprintpin="1" />
    <pinmap designator="2" footprintpin="2" />
    <text name="Datasheet" originx="0" originy="0" style="Default" rotation="0" justify="" flipped="False" hidden="True" data="https://product.tdk.com/system/files/dam/doc/product/capacitor/ceramic/mlcc/catalog/mlcc_automotive_soft_en.pdf" />
    <text name="Description" originx="0" originy="0" style="Default" rotation="0" justify="" flipped="False" hidden="True" data="Multilayer Ceramic Chip Capacitors, Capacitance=0.1uF, LxWxT:1.6x0.8x0.8mm" />
    <text name="Manufacturer_Name" originx="0" originy="0" style="Default" rotation="0" justify="" flipped="False" hidden="True" data="TDK" />
    <text name="Manufacturer_Part_Number" originx="350" originy="150" style="Default" rotation="0" justify="left" flipped="False" hidden="False" data="CGA3E2X7R1H104K080AE" />
    <text name="Mouser Part Number" originx="0" originy="0" style="Default" rotation="0" justify="" flipped="False" hidden="True" data="810-CGA3E2X7R1H104KE" />
    <text name="Mouser Price/Stock" originx="0" originy="0" style="Default" rotation="0" justify="" flipped="False" hidden="True" data="https://www.mouser.co.uk/ProductDetail/TDK/CGA3E2X7R1H104K080AE?qs=n%2FVzw7c4a0kvajqFvEbDzQ%3D%3D" />
    <text name="Arrow Part Number" originx="0" originy="0" style="Default" rotation="0" justify="" flipped="False" hidden="True" data="CGA3E2X7R1H104K080AE" />
    <text name="Arrow Price/Stock" originx="0" originy="0" style="Default" rotation="0" justify="" flipped="False" hidden="True" data="https://www.arrow.com/en/products/cga3e2x7r1h104k080ae/tdk" />
  </component>
</quadcept_library>
