<?xml version="1.0" encoding="utf-8"?>
<!--/1641779/763122/2.49/2/3/Diode/-->
<quadcept_library>
  <setting unit="mil" />
  <textstyle name="Default" height="47.244094488189" strokewidth="7.8740157480315" charwidth="47.244094488189" />
  <textstyle name="Dimension" height="19.6850393700787" strokewidth="0" charwidth="19.6850393700787" />
  <textstyle name="H127W0635TH00762" height="50" strokewidth="3" charwidth="25" />
  <textstyle name="H15W15TH02" height="59.0551181102362" strokewidth="7.8740157480315" charwidth="59.0551181102362" />
  <padstyle name="r112.5_50" surface="True" plated="False" isvia="False" nopaste="False" nomask="True" complex="False" holesize="0">
    <padshape layer="TOP" shape="rectangle" width="19.685039370078" height="44.291338582677" />
    <padshape layer="TOP_SOLDER_MASK" shape="rectangle" width="27.55905511811" height="52.165354330708" />
    <padshape layer="TOP_SOLDER_PASTE" shape="rectangle" width="19.685039370078" height="44.291338582677" />
  </padstyle>
  <footprint name="SOD2713X115N" originx="0" originy="0" pickpointx="0" pickpointy="0">
    <pcbpin number="1" name="1" style="r112.5_50" originx="-45.748031496062" originy="0" rotation="90" />
    <pcbpin number="2" name="2" style="r112.5_50" originx="45.748031496062" originy="0" rotation="90" />
    <line layer="TOP_PLACE_BOUND" originx="-79.724409448818" originy="48.228346456692" endx="79.724409448818" endy="48.228346456692" width="1.9685039370079" />
    <line layer="TOP_PLACE_BOUND" originx="79.724409448818" originy="48.228346456692" endx="79.724409448818" endy="-48.228346456692" width="1.9685039370079" />
    <line layer="TOP_PLACE_BOUND" originx="79.724409448818" originy="-48.228346456692" endx="-79.724409448818" endy="-48.228346456692" width="1.9685039370079" />
    <line layer="TOP_PLACE_BOUND" originx="-79.724409448818" originy="-48.228346456692" endx="-79.724409448818" endy="48.228346456692" width="1.9685039370079" />
    <line layer="TOP_ASSEMBLY" originx="-34.960629921259" originy="25.590551181102" endx="34.960629921259" endy="25.590551181102" width="3.9370078740157" />
    <line layer="TOP_ASSEMBLY" originx="34.960629921259" originy="25.590551181102" endx="34.960629921259" endy="-25.590551181102" width="3.9370078740157" />
    <line layer="TOP_ASSEMBLY" originx="34.960629921259" originy="-25.590551181102" endx="-34.960629921259" endy="-25.590551181102" width="3.9370078740157" />
    <line layer="TOP_ASSEMBLY" originx="-34.960629921259" originy="-25.590551181102" endx="-34.960629921259" endy="25.590551181102" width="3.9370078740157" />
    <line layer="TOP_ASSEMBLY" originx="-34.960629921259" originy="3.4645669291338" endx="-12.795275590551" endy="25.590551181102" width="3.9370078740157" />
    <line layer="TOP_SILKSCREEN" originx="-67.913385826771" originy="25.590551181102" endx="34.960629921259" endy="25.590551181102" width="7.8740157480314" />
    <line layer="TOP_SILKSCREEN" originx="-34.960629921259" originy="-25.590551181102" endx="34.960629921259" endy="-25.590551181102" width="7.8740157480314" />
  </footprint>
  <symbol name="1N4148WS-HG3-08" originx="0" originy="0">
    <line originx="200" originy="100" endx="200" endy="-100" width="0" />
    <sympin number="1" originx="200" originy="0" rotation="180" length="100" width="7.8740157480315" flipped="False">
      <text name="pinname" originx="0" originy="-10" style="Default" rotation="0" justify="upperleft" flipped="False" hidden="True" data="K" />
      <text name="pindes" originx="0" originy="10" style="Default" rotation="0" justify="lowerleft" flipped="False" hidden="False" data="1" />
    </sympin>
    <sympin number="2" originx="400" originy="0" rotation="0" length="100" width="7.8740157480315" flipped="False">
      <text name="pinname" originx="600" originy="-10" style="Default" rotation="0" justify="upperright" flipped="False" hidden="True" data="A" />
      <text name="pindes" originx="600" originy="10" style="Default" rotation="0" justify="lowerright" flipped="False" hidden="False" data="2" />
    </sympin>
    <polygon type="polygon">
      <point x="200" y="0" />
      <point x="400" y="100" />
      <point x="400" y="-100" />
    </polygon>
  </symbol>
  <component name="1N4148WS-HG3-08" designatorprefix="D" height="45.275590551181" footprint="SOD2713X115N">
    <comppin designator="1" sympin="1" pinswap="0" gateswap="0" gate="1" group="1" side="" type="Any" name="K" />
    <comppin designator="2" sympin="2" pinswap="0" gateswap="0" gate="1" group="1" side="" type="Any" name="A" />
    <attached_symbol gate="1" name="1N4148WS-HG3-08" />
    <pinmap designator="1" footprintpin="1" />
    <pinmap designator="2" footprintpin="2" />
    <text name="Datasheet" originx="0" originy="0" style="Default" rotation="0" justify="" flipped="False" hidden="True" data="https://mouser.componentsearchengine.com/Datasheets/1/1N4148WS-HG3-08.pdf" />
    <text name="Description" originx="0" originy="0" style="Default" rotation="0" justify="" flipped="False" hidden="True" data="Diodes - General Purpose, Power, Switching 1V Vf, 4pF; 25nA Ir SOD-323" />
    <text name="Manufacturer_Name" originx="0" originy="0" style="Default" rotation="0" justify="" flipped="False" hidden="True" data="Vishay" />
    <text name="Manufacturer_Part_Number" originx="450" originy="100" style="Default" rotation="0" justify="left" flipped="False" hidden="False" data="1N4148WS-HG3-08" />
    <text name="Mouser Part Number" originx="0" originy="0" style="Default" rotation="0" justify="" flipped="False" hidden="True" data="78-1N4148WS-HG3-08" />
    <text name="Mouser Price/Stock" originx="0" originy="0" style="Default" rotation="0" justify="" flipped="False" hidden="True" data="https://www.mouser.co.uk/ProductDetail/Vishay-Semiconductors/1N4148WS-HG3-08?qs=MLItCLRbWsz%2FnO5zs5RZvA%3D%3D" />
    <text name="Arrow Part Number" originx="0" originy="0" style="Default" rotation="0" justify="" flipped="False" hidden="True" data="1N4148WS-HG3-08" />
    <text name="Arrow Price/Stock" originx="0" originy="0" style="Default" rotation="0" justify="" flipped="False" hidden="True" data="https://www.arrow.com/en/products/1n4148ws-hg3-08/vishay?region=nac" />
  </component>
</quadcept_library>
