<?xml version="1.0" encoding="utf-8"?>
<!--/289623/763122/2.49/3/4/MOSFET (N-Channel)/-->
<quadcept_library>
  <setting unit="mil" />
  <textstyle name="Default" height="47.244094488189" strokewidth="7.8740157480315" charwidth="47.244094488189" />
  <textstyle name="Dimension" height="19.6850393700787" strokewidth="0" charwidth="19.6850393700787" />
  <textstyle name="H127W0635TH00762" height="50" strokewidth="3" charwidth="25" />
  <textstyle name="H15W15TH02" height="59.0551181102362" strokewidth="7.8740157480315" charwidth="59.0551181102362" />
  <padstyle name="c187.5_h125" surface="False" plated="True" isvia="False" nopaste="True" nomask="True" complex="False" holesize="49.212598425196">
    <padshape layer="TOP" shape="round" width="73.818897637794" height="73.818897637794" />
    <padshape layer="TOP_SOLDER_MASK" shape="round" width="81.692913385826" height="81.692913385826" />
    <padshape layer="INNER" shape="round" width="73.818897637794" height="73.818897637794" />
    <padshape layer="BOTTOM" shape="round" width="73.818897637794" height="73.818897637794" />
    <padshape layer="BOTTOM_SOLDER_MASK" shape="round" width="81.692913385826" height="81.692913385826" />
  </padstyle>
  <padstyle name="s187.5_h125" surface="False" plated="True" isvia="False" nopaste="True" nomask="True" complex="False" holesize="49.212598425196">
    <padshape layer="TOP" shape="square" width="73.818897637794" height="73.818897637794" />
    <padshape layer="TOP_SOLDER_MASK" shape="square" width="81.692913385826" height="81.692913385826" />
    <padshape layer="INNER" shape="round" width="73.818897637794" height="73.818897637794" />
    <padshape layer="BOTTOM" shape="square" width="73.818897637794" height="73.818897637794" />
    <padshape layer="BOTTOM_SOLDER_MASK" shape="square" width="81.692913385826" height="81.692913385826" />
  </padstyle>
  <footprint name="TO254P457X1003X2115-3P" originx="0" originy="0" pickpointx="0" pickpointy="0">
    <pcbpin number="1" name="1" style="s187.5_h125" originx="0" originy="0" rotation="90" />
    <pcbpin number="2" name="2" style="c187.5_h125" originx="99.999999999999" originy="0" rotation="90" />
    <pcbpin number="3" name="3" style="c187.5_h125" originx="200" originy="0" rotation="90" />
    <line layer="TOP_PLACE_BOUND" originx="-113.77952755905" originy="128.74015748031" endx="313.77952755905" endy="128.74015748031" width="1.9685039370079" />
    <line layer="TOP_PLACE_BOUND" originx="313.77952755905" originy="128.74015748031" endx="313.77952755905" endy="-70.866141732283" width="1.9685039370079" />
    <line layer="TOP_PLACE_BOUND" originx="313.77952755905" originy="-70.866141732283" endx="-113.77952755905" endy="-70.866141732283" width="1.9685039370079" />
    <line layer="TOP_PLACE_BOUND" originx="-113.77952755905" originy="-70.866141732283" endx="-113.77952755905" endy="128.74015748031" width="1.9685039370079" />
    <line layer="TOP_ASSEMBLY" originx="-103.93700787401" originy="118.89763779527" endx="303.93700787401" endy="118.89763779527" width="3.9370078740157" />
    <line layer="TOP_ASSEMBLY" originx="303.93700787401" originy="118.89763779527" endx="303.93700787401" endy="-61.023622047243" width="3.9370078740157" />
    <line layer="TOP_ASSEMBLY" originx="303.93700787401" originy="-61.023622047243" endx="-103.93700787401" endy="-61.023622047243" width="3.9370078740157" />
    <line layer="TOP_ASSEMBLY" originx="-103.93700787401" originy="-61.023622047243" endx="-103.93700787401" endy="118.89763779527" width="3.9370078740157" />
    <line layer="TOP_ASSEMBLY" originx="-103.93700787401" originy="68.897637795275" endx="-53.937007874015" endy="118.89763779527" width="3.9370078740157" />
    <line layer="TOP_SILKSCREEN" originx="303.93700787401" originy="-61.023622047243" endx="303.93700787401" endy="118.89763779527" width="7.8740157480314" />
    <line layer="TOP_SILKSCREEN" originx="303.93700787401" originy="118.89763779527" endx="-103.93700787401" endy="118.89763779527" width="7.8740157480314" />
    <line layer="TOP_SILKSCREEN" originx="-103.93700787401" originy="118.89763779527" endx="-103.93700787401" endy="0" width="7.8740157480314" />
  </footprint>
  <symbol name="IPP110N20N3_G" originx="0" originy="0">
    <line originx="300" originy="100" endx="300" endy="-100" width="0" />
    <line originx="300" originy="200" endx="300" endy="300" width="0" />
    <line originx="100" originy="0" endx="200" endy="0" width="0" />
    <line originx="200" originy="200" endx="200" endy="0" width="0" />
    <line originx="300" originy="100" endx="230" endy="100" width="0" />
    <line originx="300" originy="200" endx="230" endy="200" width="0" />
    <line originx="230" originy="0" endx="300" endy="0" width="0" />
    <line originx="230" originy="220" endx="230" endy="180" width="0" />
    <line originx="230" originy="-20" endx="230" endy="20" width="0" />
    <line originx="230" originy="80" endx="230" endy="120" width="0" />
    <arc originx="250" originy="100" startangle="180" sweepangle="180" radius="150" width="0" />
    <arc originx="250" originy="100" startangle="180" sweepangle="-180" radius="150" width="0" />
    <sympin number="1" originx="100" originy="0" rotation="180" length="100" width="7.8740157480315" flipped="False">
      <text name="pinname" originx="0" originy="-20" style="Default" rotation="0" justify="upperleft" flipped="False" hidden="True" data="G" />
      <text name="pindes" originx="80" originy="10" style="Default" rotation="0" justify="lowerright" flipped="False" hidden="False" data="1" />
    </sympin>
    <sympin number="2" originx="300" originy="300" rotation="90" length="100" width="7.8740157480315" flipped="False">
      <text name="pinname" originx="320" originy="400" style="Default" rotation="90" justify="upperleft" flipped="False" hidden="True" data="D" />
      <text name="pindes" originx="280" originy="400" style="Default" rotation="90" justify="upperright" flipped="False" hidden="False" data="2" />
    </sympin>
    <sympin number="3" originx="300" originy="-100" rotation="270" length="100" width="7.8740157480315" flipped="False">
      <text name="pinname" originx="320" originy="-200" style="Default" rotation="90" justify="lowerleft" flipped="False" hidden="True" data="S" />
      <text name="pindes" originx="280" originy="-200" style="Default" rotation="90" justify="lowerright" flipped="False" hidden="False" data="3" />
    </sympin>
    <polygon type="polygon">
      <point x="230" y="100" />
      <point x="270" y="120" />
      <point x="270" y="80" />
    </polygon>
  </symbol>
  <component name="IPP110N20N3_G" designatorprefix="Q" height="179.92125984252" footprint="TO254P457X1003X2115-3P">
    <comppin designator="1" sympin="1" pinswap="0" gateswap="0" gate="1" group="1" side="" type="Any" name="G" />
    <comppin designator="2" sympin="2" pinswap="0" gateswap="0" gate="1" group="1" side="" type="Any" name="D" />
    <comppin designator="3" sympin="3" pinswap="0" gateswap="0" gate="1" group="1" side="" type="Any" name="S" />
    <attached_symbol gate="1" name="IPP110N20N3_G" />
    <pinmap designator="1" footprintpin="1" />
    <pinmap designator="2" footprintpin="2" />
    <pinmap designator="3" footprintpin="3" />
    <text name="Datasheet" originx="0" originy="0" style="Default" rotation="0" justify="" flipped="False" hidden="True" data="https://www.infineon.com/dgdl/Infineon-IPP_I_110N20N3G_IPB107N20N3G-DS-v02_03-en.pdf?fileId=db3a3043243b5f170124968e7d1f18e7" />
    <text name="Description" originx="0" originy="0" style="Default" rotation="0" justify="" flipped="False" hidden="True" data="MOSFET N-Channel 200V 88A OptiMOS3 TO220 Infineon IPP110N20N3 G N-channel MOSFET Transistor, 88 A, 200 V, 3-Pin TO-220" />
    <text name="Manufacturer_Name" originx="0" originy="0" style="Default" rotation="0" justify="" flipped="False" hidden="True" data="Infineon" />
    <text name="Manufacturer_Part_Number" originx="450" originy="50" style="Default" rotation="0" justify="left" flipped="False" hidden="False" data="IPP110N20N3 G" />
    <text name="Mouser Part Number" originx="0" originy="0" style="Default" rotation="0" justify="" flipped="False" hidden="True" data="726-IPP110N20N3G" />
    <text name="Mouser Price/Stock" originx="0" originy="0" style="Default" rotation="0" justify="" flipped="False" hidden="True" data="https://www.mouser.co.uk/ProductDetail/Infineon-Technologies/IPP110N20N3-G?qs=nTClRYuuQBpD3R4g85pVvA%3D%3D" />
    <text name="Arrow Part Number" originx="0" originy="0" style="Default" rotation="0" justify="" flipped="False" hidden="True" data="" />
    <text name="Arrow Price/Stock" originx="0" originy="0" style="Default" rotation="0" justify="" flipped="False" hidden="True" data="" />
  </component>
</quadcept_library>
