<?xml version="1.0" encoding="utf-8"?>
<!--/1465472/763122/2.49/2/2/Capacitor/-->
<quadcept_library>
  <setting unit="mil" />
  <textstyle name="Default" height="47.244094488189" strokewidth="7.8740157480315" charwidth="47.244094488189" />
  <textstyle name="Dimension" height="19.6850393700787" strokewidth="0" charwidth="19.6850393700787" />
  <textstyle name="H127W0635TH00762" height="50" strokewidth="3" charwidth="25" />
  <textstyle name="H15W15TH02" height="59.0551181102362" strokewidth="7.8740157480315" charwidth="59.0551181102362" />
  <padstyle name="r681_101" surface="True" plated="False" isvia="False" nopaste="False" nomask="True" complex="False" holesize="0">
    <padshape layer="TOP" shape="rectangle" width="39.763779527559" height="268.11023622047" />
    <padshape layer="TOP_SOLDER_MASK" shape="rectangle" width="47.63779527559" height="275.9842519685" />
    <padshape layer="TOP_SOLDER_PASTE" shape="rectangle" width="39.763779527559" height="268.11023622047" />
  </padstyle>
  <footprint name="CAPC7563X250N" originx="0" originy="0" pickpointx="0" pickpointy="0">
    <pcbpin number="1" name="1" style="r681_101" originx="-145.66929133858" originy="0" rotation="0" />
    <pcbpin number="2" name="2" style="r681_101" originx="145.66929133858" originy="0" rotation="0" />
    <line layer="TOP_PLACE_BOUND" originx="-171.45669291338" originy="140.15748031496" endx="171.45669291338" endy="140.15748031496" width="1.9685039370079" />
    <line layer="TOP_PLACE_BOUND" originx="171.45669291338" originy="140.15748031496" endx="171.45669291338" endy="-140.15748031496" width="1.9685039370079" />
    <line layer="TOP_PLACE_BOUND" originx="171.45669291338" originy="-140.15748031496" endx="-171.45669291338" endy="-140.15748031496" width="1.9685039370079" />
    <line layer="TOP_PLACE_BOUND" originx="-171.45669291338" originy="-140.15748031496" endx="-171.45669291338" endy="140.15748031496" width="1.9685039370079" />
    <line layer="TOP_ASSEMBLY" originx="-147.63779527559" originy="124.01574803149" endx="147.63779527559" endy="124.01574803149" width="3.9370078740157" />
    <line layer="TOP_ASSEMBLY" originx="147.63779527559" originy="124.01574803149" endx="147.63779527559" endy="-124.01574803149" width="3.9370078740157" />
    <line layer="TOP_ASSEMBLY" originx="147.63779527559" originy="-124.01574803149" endx="-147.63779527559" endy="-124.01574803149" width="3.9370078740157" />
    <line layer="TOP_ASSEMBLY" originx="-147.63779527559" originy="-124.01574803149" endx="-147.63779527559" endy="124.01574803149" width="3.9370078740157" />
    <line layer="TOP_SILKSCREEN" originx="0" originy="120.07874015748" endx="0" endy="-120.07874015748" width="7.8740157480314" />
  </footprint>
  <symbol name="CGADN3X7R1E476M230LE" originx="0" originy="0">
    <line originx="220" originy="100" endx="220" endy="-100" width="0" />
    <line originx="280" originy="100" endx="280" endy="-100" width="0" />
    <line originx="200" originy="0" endx="220" endy="0" width="0" />
    <line originx="280" originy="0" endx="300" endy="0" width="0" />
    <sympin number="1" originx="200" originy="0" rotation="180" length="100" width="7.8740157480315" flipped="False">
      <text name="pinname" originx="0" originy="-10" style="Default" rotation="0" justify="upperleft" flipped="False" hidden="True" data="1" />
      <text name="pindes" originx="0" originy="10" style="Default" rotation="0" justify="lowerleft" flipped="False" hidden="False" data="1" />
    </sympin>
    <sympin number="2" originx="300" originy="0" rotation="0" length="100" width="7.8740157480315" flipped="False">
      <text name="pinname" originx="500" originy="-10" style="Default" rotation="0" justify="upperright" flipped="False" hidden="True" data="2" />
      <text name="pindes" originx="500" originy="10" style="Default" rotation="0" justify="lowerright" flipped="False" hidden="False" data="2" />
    </sympin>
  </symbol>
  <component name="CGADN3X7R1E476M230LE" designatorprefix="C" height="98.425196850392" footprint="CAPC7563X250N">
    <comppin designator="1" sympin="1" pinswap="0" gateswap="0" gate="1" group="1" side="" type="Any" name="1" />
    <comppin designator="2" sympin="2" pinswap="0" gateswap="0" gate="1" group="1" side="" type="Any" name="2" />
    <attached_symbol gate="1" name="CGADN3X7R1E476M230LE" />
    <pinmap designator="1" footprintpin="1" />
    <pinmap designator="2" footprintpin="2" />
    <text name="Datasheet" originx="0" originy="0" style="Default" rotation="0" justify="" flipped="False" hidden="True" data="https://product.tdk.com/system/files/dam/doc/product/capacitor/ceramic/mlcc/catalog/mlcc_automotive_soft_en.pdf" />
    <text name="Description" originx="0" originy="0" style="Default" rotation="0" justify="" flipped="False" hidden="True" data="Multilayer Ceramic Capacitors MLCC - SMD/SMT SOFT 3025 25V 47uF X7R 20% AEC-Q200" />
    <text name="Manufacturer_Name" originx="0" originy="0" style="Default" rotation="0" justify="" flipped="False" hidden="True" data="TDK" />
    <text name="Manufacturer_Part_Number" originx="350" originy="150" style="Default" rotation="0" justify="left" flipped="False" hidden="False" data="CGADN3X7R1E476M230LE" />
    <text name="Mouser Part Number" originx="0" originy="0" style="Default" rotation="0" justify="" flipped="False" hidden="True" data="810-CGADN3X7R1E476ME" />
    <text name="Mouser Price/Stock" originx="0" originy="0" style="Default" rotation="0" justify="" flipped="False" hidden="True" data="https://www.mouser.com/Search/Refine.aspx?Keyword=810-CGADN3X7R1E476ME" />
    <text name="Arrow Part Number" originx="0" originy="0" style="Default" rotation="0" justify="" flipped="False" hidden="True" data="" />
    <text name="Arrow Price/Stock" originx="0" originy="0" style="Default" rotation="0" justify="" flipped="False" hidden="True" data="" />
  </component>
</quadcept_library>
